1,ProgDeck1,Player1,2,1
1,ProgDeck1,Player1,2,1
1,ProgDeck1,Player1,2,2
1,ProgDeck1,Player1,2,2
1,ProgDeck1,Player1,2,3
1,ProgDeck1,Player1,2,3
1,ProgDeck1,Player1,2,4
1,ProgDeck1,Player1,2,4
1,ProgDeck1,Player1,2,5
1,ProgDeck1,Player1,2,5
1,ProgDeck1,Player1,2,6
1,ProgDeck1,Player1,2,6
1,ProgDeck1,Player1,2,7
1,ProgDeck1,Player1,2,7
1,ProgDeck1,Player1,2,8
1,ProgDeck1,Player1,2,8
1,ProgDeck1,Player1,2,9
1,ProgDeck1,Player1,2,9
1,ProgDeck1,Player1,2,10
1,ProgDeck1,Player1,2,10
1,ProgDeck1,Player1,2,11
1,ProgDeck1,Player1,2,11
1,ProgDeck1,Player1,2,12
1,ProgDeck1,Player1,2,12
1,ProgDeck1,Player1,2,13
1,ProgDeck1,Player1,2,13
1,ProgDeck1,Player1,2,14
1,ProgDeck1,Player1,2,14
1,ProgDeck1,Player1,2,15
1,ProgDeck1,Player1,2,15
1,ProgDeck1,Player1,2,16
1,ProgDeck1,Player1,2,16
1,ProgDeck1,Player1,2,17
1,ProgDeck1,Player1,2,17
1,ProgDeck1,Player1,2,18
1,ProgDeck1,Player1,2,18
1,ProgDeck1,Player1,2,19
1,ProgDeck1,Player1,2,19
1,ProgDeck1,Player1,2,20
1,ProgDeck1,Player1,2,20
1,ProgDeck1,Player1,2,21
1,ProgDeck1,Player1,2,21
1,ProgDeck1,Player1,2,22
1,ProgDeck1,Player1,2,22
1,ProgDeck1,Player1,2,23
1,ProgDeck1,Player1,2,23
1,ProgDeck1,Player1,2,24
1,ProgDeck1,Player1,2,24
1,ProgDeck1,Player1,2,25
1,ProgDeck1,Player1,2,25
1,ProgDeck1,Player1,2,26
1,ProgDeck1,Player1,2,26
1,ProgDeck1,Player1,2,27
1,ProgDeck1,Player1,2,27
1,ProgDeck1,Player1,2,28
1,ProgDeck1,Player1,2,28
1,ProgDeck1,Player1,2,29
1,ProgDeck1,Player1,2,29
2,RobDeck1,Player1,3,30
2,RobDeck1,Player1,3,30
2,RobDeck1,Player1,3,31
2,RobDeck1,Player1,3,31
2,RobDeck1,Player1,3,32
2,RobDeck1,Player1,3,32
2,RobDeck1,Player1,3,33
2,RobDeck1,Player1,3,33
2,RobDeck1,Player1,3,34
2,RobDeck1,Player1,3,34
2,RobDeck1,Player1,3,35
2,RobDeck1,Player1,3,35
2,RobDeck1,Player1,3,36
2,RobDeck1,Player1,3,36
2,RobDeck1,Player1,3,37
2,RobDeck1,Player1,3,37
2,RobDeck1,Player1,3,38
2,RobDeck1,Player1,3,38
2,RobDeck1,Player1,3,39
2,RobDeck1,Player1,3,39
2,RobDeck1,Player1,3,40
2,RobDeck1,Player1,3,40
2,RobDeck1,Player1,3,41
2,RobDeck1,Player1,3,41
2,RobDeck1,Player1,3,42
2,RobDeck1,Player1,3,42
2,RobDeck1,Player1,3,43
2,RobDeck1,Player1,3,43
2,RobDeck1,Player1,3,44
2,RobDeck1,Player1,3,44
2,RobDeck1,Player1,3,45
2,RobDeck1,Player1,3,45
2,RobDeck1,Player1,3,46
2,RobDeck1,Player1,3,46
2,RobDeck1,Player1,3,47
2,RobDeck1,Player1,3,47
2,RobDeck1,Player1,3,48
2,RobDeck1,Player1,3,48
2,RobDeck1,Player1,3,49
2,RobDeck1,Player1,3,49
2,RobDeck1,Player1,3,50
2,RobDeck1,Player1,3,50
2,RobDeck1,Player1,3,51
2,RobDeck1,Player1,3,51
2,RobDeck1,Player1,3,52
2,RobDeck1,Player1,3,52
2,RobDeck1,Player1,3,53
2,RobDeck1,Player1,3,53
2,RobDeck1,Player1,3,54
2,RobDeck1,Player1,3,54
2,RobDeck1,Player1,3,55
2,RobDeck1,Player1,3,55
2,RobDeck1,Player1,3,56
2,RobDeck1,Player1,3,56
2,RobDeck1,Player1,3,57
2,RobDeck1,Player1,3,57
2,RobDeck1,Player1,3,58
2,RobDeck1,Player1,3,58
3,ProgDeck2,Player2,2,1
3,ProgDeck2,Player2,2,1
3,ProgDeck2,Player2,2,2
3,ProgDeck2,Player2,2,2
3,ProgDeck2,Player2,2,3
3,ProgDeck2,Player2,2,3
3,ProgDeck2,Player2,2,4
3,ProgDeck2,Player2,2,4
3,ProgDeck2,Player2,2,5
3,ProgDeck2,Player2,2,5
3,ProgDeck2,Player2,2,6
3,ProgDeck2,Player2,2,6
3,ProgDeck2,Player2,2,7
3,ProgDeck2,Player2,2,7
3,ProgDeck2,Player2,2,8
3,ProgDeck2,Player2,2,8
3,ProgDeck2,Player2,2,9
3,ProgDeck2,Player2,2,9
3,ProgDeck2,Player2,2,10
3,ProgDeck2,Player2,2,10
3,ProgDeck2,Player2,2,11
3,ProgDeck2,Player2,2,11
3,ProgDeck2,Player2,2,12
3,ProgDeck2,Player2,2,12
3,ProgDeck2,Player2,2,13
3,ProgDeck2,Player2,2,13
3,ProgDeck2,Player2,2,14
3,ProgDeck2,Player2,2,14
3,ProgDeck2,Player2,2,15
3,ProgDeck2,Player2,2,15
3,ProgDeck2,Player2,2,16
3,ProgDeck2,Player2,2,16
3,ProgDeck2,Player2,2,17
3,ProgDeck2,Player2,2,17
3,ProgDeck2,Player2,2,18
3,ProgDeck2,Player2,2,18
3,ProgDeck2,Player2,2,19
3,ProgDeck2,Player2,2,19
3,ProgDeck2,Player2,2,20
3,ProgDeck2,Player2,2,20
3,ProgDeck2,Player2,2,21
3,ProgDeck2,Player2,2,21
3,ProgDeck2,Player2,2,22
3,ProgDeck2,Player2,2,22
3,ProgDeck2,Player2,2,23
3,ProgDeck2,Player2,2,23
3,ProgDeck2,Player2,2,24
3,ProgDeck2,Player2,2,24
3,ProgDeck2,Player2,2,25
3,ProgDeck2,Player2,2,25
3,ProgDeck2,Player2,2,26
3,ProgDeck2,Player2,2,26
3,ProgDeck2,Player2,2,27
3,ProgDeck2,Player2,2,27
3,ProgDeck2,Player2,2,28
3,ProgDeck2,Player2,2,28
3,ProgDeck2,Player2,2,29
3,ProgDeck2,Player2,2,29
4,RobDeck2,Player2,3,30
4,RobDeck2,Player2,3,30
4,RobDeck2,Player2,3,31
4,RobDeck2,Player2,3,31
4,RobDeck2,Player2,3,32
4,RobDeck2,Player2,3,32
4,RobDeck2,Player2,3,33
4,RobDeck2,Player2,3,33
4,RobDeck2,Player2,3,34
4,RobDeck2,Player2,3,34
4,RobDeck2,Player2,3,35
4,RobDeck2,Player2,3,35
4,RobDeck2,Player2,3,36
4,RobDeck2,Player2,3,36
4,RobDeck2,Player2,3,37
4,RobDeck2,Player2,3,37
4,RobDeck2,Player2,3,38
4,RobDeck2,Player2,3,38
4,RobDeck2,Player2,3,39
4,RobDeck2,Player2,3,39
4,RobDeck2,Player2,3,40
4,RobDeck2,Player2,3,40
4,RobDeck2,Player2,3,41
4,RobDeck2,Player2,3,41
4,RobDeck2,Player2,3,42
4,RobDeck2,Player2,3,42
4,RobDeck2,Player2,3,43
4,RobDeck2,Player2,3,43
4,RobDeck2,Player2,3,44
4,RobDeck2,Player2,3,44
4,RobDeck2,Player2,3,45
4,RobDeck2,Player2,3,45
4,RobDeck2,Player2,3,46
4,RobDeck2,Player2,3,46
4,RobDeck2,Player2,3,47
4,RobDeck2,Player2,3,47
4,RobDeck2,Player2,3,48
4,RobDeck2,Player2,3,48
4,RobDeck2,Player2,3,49
4,RobDeck2,Player2,3,49
4,RobDeck2,Player2,3,50
4,RobDeck2,Player2,3,50
4,RobDeck2,Player2,3,51
4,RobDeck2,Player2,3,51
4,RobDeck2,Player2,3,52
4,RobDeck2,Player2,3,52
4,RobDeck2,Player2,3,53
4,RobDeck2,Player2,3,53
4,RobDeck2,Player2,3,54
4,RobDeck2,Player2,3,54
4,RobDeck2,Player2,3,55
4,RobDeck2,Player2,3,55
4,RobDeck2,Player2,3,56
4,RobDeck2,Player2,3,56
4,RobDeck2,Player2,3,57
4,RobDeck2,Player2,3,57
4,RobDeck2,Player2,3,58
4,RobDeck2,Player2,3,58
5,ProgDeck3,Player3,2,1
5,ProgDeck3,Player3,2,1
5,ProgDeck3,Player3,2,2
5,ProgDeck3,Player3,2,2
5,ProgDeck3,Player3,2,3
5,ProgDeck3,Player3,2,3
5,ProgDeck3,Player3,2,4
5,ProgDeck3,Player3,2,4
5,ProgDeck3,Player3,2,5
5,ProgDeck3,Player3,2,5
5,ProgDeck3,Player3,2,6
5,ProgDeck3,Player3,2,6
5,ProgDeck3,Player3,2,7
5,ProgDeck3,Player3,2,7
5,ProgDeck3,Player3,2,8
5,ProgDeck3,Player3,2,8
5,ProgDeck3,Player3,2,9
5,ProgDeck3,Player3,2,9
5,ProgDeck3,Player3,2,10
5,ProgDeck3,Player3,2,10
5,ProgDeck3,Player3,2,11
5,ProgDeck3,Player3,2,11
5,ProgDeck3,Player3,2,12
5,ProgDeck3,Player3,2,12
5,ProgDeck3,Player3,2,13
5,ProgDeck3,Player3,2,13
5,ProgDeck3,Player3,2,14
5,ProgDeck3,Player3,2,14
5,ProgDeck3,Player3,2,15
5,ProgDeck3,Player3,2,15
5,ProgDeck3,Player3,2,16
5,ProgDeck3,Player3,2,16
5,ProgDeck3,Player3,2,17
5,ProgDeck3,Player3,2,17
5,ProgDeck3,Player3,2,18
5,ProgDeck3,Player3,2,18
5,ProgDeck3,Player3,2,19
5,ProgDeck3,Player3,2,19
5,ProgDeck3,Player3,2,20
5,ProgDeck3,Player3,2,20
5,ProgDeck3,Player3,2,21
5,ProgDeck3,Player3,2,21
5,ProgDeck3,Player3,2,22
5,ProgDeck3,Player3,2,22
5,ProgDeck3,Player3,2,23
5,ProgDeck3,Player3,2,23
5,ProgDeck3,Player3,2,24
5,ProgDeck3,Player3,2,24
5,ProgDeck3,Player3,2,25
5,ProgDeck3,Player3,2,25
5,ProgDeck3,Player3,2,26
5,ProgDeck3,Player3,2,26
5,ProgDeck3,Player3,2,27
5,ProgDeck3,Player3,2,27
5,ProgDeck3,Player3,2,28
5,ProgDeck3,Player3,2,28
5,ProgDeck3,Player3,2,29
5,ProgDeck3,Player3,2,29
6,RobDeck3,Player3,3,30
6,RobDeck3,Player3,3,30
6,RobDeck3,Player3,3,31
6,RobDeck3,Player3,3,31
6,RobDeck3,Player3,3,32
6,RobDeck3,Player3,3,32
6,RobDeck3,Player3,3,33
6,RobDeck3,Player3,3,33
6,RobDeck3,Player3,3,34
6,RobDeck3,Player3,3,34
6,RobDeck3,Player3,3,35
6,RobDeck3,Player3,3,35
6,RobDeck3,Player3,3,36
6,RobDeck3,Player3,3,36
6,RobDeck3,Player3,3,37
6,RobDeck3,Player3,3,37
6,RobDeck3,Player3,3,38
6,RobDeck3,Player3,3,38
6,RobDeck3,Player3,3,39
6,RobDeck3,Player3,3,39
6,RobDeck3,Player3,3,40
6,RobDeck3,Player3,3,40
6,RobDeck3,Player3,3,41
6,RobDeck3,Player3,3,41
6,RobDeck3,Player3,3,42
6,RobDeck3,Player3,3,42
6,RobDeck3,Player3,3,43
6,RobDeck3,Player3,3,43
6,RobDeck3,Player3,3,44
6,RobDeck3,Player3,3,44
6,RobDeck3,Player3,3,45
6,RobDeck3,Player3,3,45
6,RobDeck3,Player3,3,46
6,RobDeck3,Player3,3,46
6,RobDeck3,Player3,3,47
6,RobDeck3,Player3,3,47
6,RobDeck3,Player3,3,48
6,RobDeck3,Player3,3,48
6,RobDeck3,Player3,3,49
6,RobDeck3,Player3,3,49
6,RobDeck3,Player3,3,50
6,RobDeck3,Player3,3,50
6,RobDeck3,Player3,3,51
6,RobDeck3,Player3,3,51
6,RobDeck3,Player3,3,52
6,RobDeck3,Player3,3,52
6,RobDeck3,Player3,3,53
6,RobDeck3,Player3,3,53
6,RobDeck3,Player3,3,54
6,RobDeck3,Player3,3,54
6,RobDeck3,Player3,3,55
6,RobDeck3,Player3,3,55
6,RobDeck3,Player3,3,56
6,RobDeck3,Player3,3,56
6,RobDeck3,Player3,3,57
6,RobDeck3,Player3,3,57
6,RobDeck3,Player3,3,58
6,RobDeck3,Player3,3,58
7,ProgDeck4,Player4,2,1
7,ProgDeck4,Player4,2,1
7,ProgDeck4,Player4,2,2
7,ProgDeck4,Player4,2,2
7,ProgDeck4,Player4,2,3
7,ProgDeck4,Player4,2,3
7,ProgDeck4,Player4,2,4
7,ProgDeck4,Player4,2,4
7,ProgDeck4,Player4,2,5
7,ProgDeck4,Player4,2,5
7,ProgDeck4,Player4,2,6
7,ProgDeck4,Player4,2,6
7,ProgDeck4,Player4,2,7
7,ProgDeck4,Player4,2,7
7,ProgDeck4,Player4,2,8
7,ProgDeck4,Player4,2,8
7,ProgDeck4,Player4,2,9
7,ProgDeck4,Player4,2,9
7,ProgDeck4,Player4,2,10
7,ProgDeck4,Player4,2,10
7,ProgDeck4,Player4,2,11
7,ProgDeck4,Player4,2,11
7,ProgDeck4,Player4,2,12
7,ProgDeck4,Player4,2,12
7,ProgDeck4,Player4,2,13
7,ProgDeck4,Player4,2,13
7,ProgDeck4,Player4,2,14
7,ProgDeck4,Player4,2,14
7,ProgDeck4,Player4,2,15
7,ProgDeck4,Player4,2,15
7,ProgDeck4,Player4,2,16
7,ProgDeck4,Player4,2,16
7,ProgDeck4,Player4,2,17
7,ProgDeck4,Player4,2,17
7,ProgDeck4,Player4,2,18
7,ProgDeck4,Player4,2,18
7,ProgDeck4,Player4,2,19
7,ProgDeck4,Player4,2,19
7,ProgDeck4,Player4,2,20
7,ProgDeck4,Player4,2,20
7,ProgDeck4,Player4,2,21
7,ProgDeck4,Player4,2,21
7,ProgDeck4,Player4,2,22
7,ProgDeck4,Player4,2,22
7,ProgDeck4,Player4,2,23
7,ProgDeck4,Player4,2,23
7,ProgDeck4,Player4,2,24
7,ProgDeck4,Player4,2,24
7,ProgDeck4,Player4,2,25
7,ProgDeck4,Player4,2,25
7,ProgDeck4,Player4,2,26
7,ProgDeck4,Player4,2,26
7,ProgDeck4,Player4,2,27
7,ProgDeck4,Player4,2,27
7,ProgDeck4,Player4,2,28
7,ProgDeck4,Player4,2,28
7,ProgDeck4,Player4,2,29
7,ProgDeck4,Player4,2,29
8,RobDeck4,Player4,3,30
8,RobDeck4,Player4,3,30
8,RobDeck4,Player4,3,31
8,RobDeck4,Player4,3,31
8,RobDeck4,Player4,3,32
8,RobDeck4,Player4,3,32
8,RobDeck4,Player4,3,33
8,RobDeck4,Player4,3,33
8,RobDeck4,Player4,3,34
8,RobDeck4,Player4,3,34
8,RobDeck4,Player4,3,35
8,RobDeck4,Player4,3,35
8,RobDeck4,Player4,3,36
8,RobDeck4,Player4,3,36
8,RobDeck4,Player4,3,37
8,RobDeck4,Player4,3,37
8,RobDeck4,Player4,3,38
8,RobDeck4,Player4,3,38
8,RobDeck4,Player4,3,39
8,RobDeck4,Player4,3,39
8,RobDeck4,Player4,3,40
8,RobDeck4,Player4,3,40
8,RobDeck4,Player4,3,41
8,RobDeck4,Player4,3,41
8,RobDeck4,Player4,3,42
8,RobDeck4,Player4,3,42
8,RobDeck4,Player4,3,43
8,RobDeck4,Player4,3,43
8,RobDeck4,Player4,3,44
8,RobDeck4,Player4,3,44
8,RobDeck4,Player4,3,45
8,RobDeck4,Player4,3,45
8,RobDeck4,Player4,3,46
8,RobDeck4,Player4,3,46
8,RobDeck4,Player4,3,47
8,RobDeck4,Player4,3,47
8,RobDeck4,Player4,3,48
8,RobDeck4,Player4,3,48
8,RobDeck4,Player4,3,49
8,RobDeck4,Player4,3,49
8,RobDeck4,Player4,3,50
8,RobDeck4,Player4,3,50
8,RobDeck4,Player4,3,51
8,RobDeck4,Player4,3,51
8,RobDeck4,Player4,3,52
8,RobDeck4,Player4,3,52
8,RobDeck4,Player4,3,53
8,RobDeck4,Player4,3,53
8,RobDeck4,Player4,3,54
8,RobDeck4,Player4,3,54
8,RobDeck4,Player4,3,55
8,RobDeck4,Player4,3,55
8,RobDeck4,Player4,3,56
8,RobDeck4,Player4,3,56
8,RobDeck4,Player4,3,57
8,RobDeck4,Player4,3,57
8,RobDeck4,Player4,3,58
8,RobDeck4,Player4,3,58
9,ProgDeck5,Player5,2,1
9,ProgDeck5,Player5,2,1
9,ProgDeck5,Player5,2,2
9,ProgDeck5,Player5,2,2
9,ProgDeck5,Player5,2,3
9,ProgDeck5,Player5,2,3
9,ProgDeck5,Player5,2,4
9,ProgDeck5,Player5,2,4
9,ProgDeck5,Player5,2,5
9,ProgDeck5,Player5,2,5
9,ProgDeck5,Player5,2,6
9,ProgDeck5,Player5,2,6
9,ProgDeck5,Player5,2,7
9,ProgDeck5,Player5,2,7
9,ProgDeck5,Player5,2,8
9,ProgDeck5,Player5,2,8
9,ProgDeck5,Player5,2,9
9,ProgDeck5,Player5,2,9
9,ProgDeck5,Player5,2,10
9,ProgDeck5,Player5,2,10
9,ProgDeck5,Player5,2,11
9,ProgDeck5,Player5,2,11
9,ProgDeck5,Player5,2,12
9,ProgDeck5,Player5,2,12
9,ProgDeck5,Player5,2,13
9,ProgDeck5,Player5,2,13
9,ProgDeck5,Player5,2,14
9,ProgDeck5,Player5,2,14
9,ProgDeck5,Player5,2,15
9,ProgDeck5,Player5,2,15
9,ProgDeck5,Player5,2,16
9,ProgDeck5,Player5,2,16
9,ProgDeck5,Player5,2,17
9,ProgDeck5,Player5,2,17
9,ProgDeck5,Player5,2,18
9,ProgDeck5,Player5,2,18
9,ProgDeck5,Player5,2,19
9,ProgDeck5,Player5,2,19
9,ProgDeck5,Player5,2,20
9,ProgDeck5,Player5,2,20
9,ProgDeck5,Player5,2,21
9,ProgDeck5,Player5,2,21
9,ProgDeck5,Player5,2,22
9,ProgDeck5,Player5,2,22
9,ProgDeck5,Player5,2,23
9,ProgDeck5,Player5,2,23
9,ProgDeck5,Player5,2,24
9,ProgDeck5,Player5,2,24
9,ProgDeck5,Player5,2,25
9,ProgDeck5,Player5,2,25
9,ProgDeck5,Player5,2,26
9,ProgDeck5,Player5,2,26
9,ProgDeck5,Player5,2,27
9,ProgDeck5,Player5,2,27
9,ProgDeck5,Player5,2,28
9,ProgDeck5,Player5,2,28
9,ProgDeck5,Player5,2,29
9,ProgDeck5,Player5,2,29
10,RobDeck5,Player5,3,30
10,RobDeck5,Player5,3,30
10,RobDeck5,Player5,3,31
10,RobDeck5,Player5,3,31
10,RobDeck5,Player5,3,32
10,RobDeck5,Player5,3,32
10,RobDeck5,Player5,3,33
10,RobDeck5,Player5,3,33
10,RobDeck5,Player5,3,34
10,RobDeck5,Player5,3,34
10,RobDeck5,Player5,3,35
10,RobDeck5,Player5,3,35
10,RobDeck5,Player5,3,36
10,RobDeck5,Player5,3,36
10,RobDeck5,Player5,3,37
10,RobDeck5,Player5,3,37
10,RobDeck5,Player5,3,38
10,RobDeck5,Player5,3,38
10,RobDeck5,Player5,3,39
10,RobDeck5,Player5,3,39
10,RobDeck5,Player5,3,40
10,RobDeck5,Player5,3,40
10,RobDeck5,Player5,3,41
10,RobDeck5,Player5,3,41
10,RobDeck5,Player5,3,42
10,RobDeck5,Player5,3,42
10,RobDeck5,Player5,3,43
10,RobDeck5,Player5,3,43
10,RobDeck5,Player5,3,44
10,RobDeck5,Player5,3,44
10,RobDeck5,Player5,3,45
10,RobDeck5,Player5,3,45
10,RobDeck5,Player5,3,46
10,RobDeck5,Player5,3,46
10,RobDeck5,Player5,3,47
10,RobDeck5,Player5,3,47
10,RobDeck5,Player5,3,48
10,RobDeck5,Player5,3,48
10,RobDeck5,Player5,3,49
10,RobDeck5,Player5,3,49
10,RobDeck5,Player5,3,50
10,RobDeck5,Player5,3,50
10,RobDeck5,Player5,3,51
10,RobDeck5,Player5,3,51
10,RobDeck5,Player5,3,52
10,RobDeck5,Player5,3,52
10,RobDeck5,Player5,3,53
10,RobDeck5,Player5,3,53
10,RobDeck5,Player5,3,54
10,RobDeck5,Player5,3,54
10,RobDeck5,Player5,3,55
10,RobDeck5,Player5,3,55
10,RobDeck5,Player5,3,56
10,RobDeck5,Player5,3,56
10,RobDeck5,Player5,3,57
10,RobDeck5,Player5,3,57
10,RobDeck5,Player5,3,58
10,RobDeck5,Player5,3,58
47,Progpig,pig,2,1
47,Progpig,pig,2,1
47,Progpig,pig,2,2
47,Progpig,pig,2,2
47,Progpig,pig,2,3
47,Progpig,pig,2,3
47,Progpig,pig,2,4
47,Progpig,pig,2,4
47,Progpig,pig,2,5
47,Progpig,pig,2,5
47,Progpig,pig,2,6
47,Progpig,pig,2,6
47,Progpig,pig,2,7
47,Progpig,pig,2,7
47,Progpig,pig,2,8
47,Progpig,pig,2,8
47,Progpig,pig,2,9
47,Progpig,pig,2,9
47,Progpig,pig,2,10
47,Progpig,pig,2,10
47,Progpig,pig,2,11
47,Progpig,pig,2,11
47,Progpig,pig,2,12
47,Progpig,pig,2,12
47,Progpig,pig,2,13
47,Progpig,pig,2,13
47,Progpig,pig,2,14
47,Progpig,pig,2,14
47,Progpig,pig,2,15
47,Progpig,pig,2,15
47,Progpig,pig,2,16
47,Progpig,pig,2,16
47,Progpig,pig,2,17
47,Progpig,pig,2,17
47,Progpig,pig,2,18
47,Progpig,pig,2,18
47,Progpig,pig,2,19
47,Progpig,pig,2,19
47,Progpig,pig,2,20
47,Progpig,pig,2,20
47,Progpig,pig,2,21
47,Progpig,pig,2,21
47,Progpig,pig,2,22
47,Progpig,pig,2,22
47,Progpig,pig,2,23
47,Progpig,pig,2,23
47,Progpig,pig,2,24
47,Progpig,pig,2,24
47,Progpig,pig,2,25
47,Progpig,pig,2,25
47,Progpig,pig,2,26
47,Progpig,pig,2,26
47,Progpig,pig,2,27
47,Progpig,pig,2,27
47,Progpig,pig,2,28
47,Progpig,pig,2,28
47,Progpig,pig,2,29
47,Progpig,pig,2,29
48,Robpig,pig,3,30
48,Robpig,pig,3,30
48,Robpig,pig,3,31
48,Robpig,pig,3,31
48,Robpig,pig,3,32
48,Robpig,pig,3,32
48,Robpig,pig,3,33
48,Robpig,pig,3,33
48,Robpig,pig,3,34
48,Robpig,pig,3,34
48,Robpig,pig,3,35
48,Robpig,pig,3,35
48,Robpig,pig,3,36
48,Robpig,pig,3,36
48,Robpig,pig,3,37
48,Robpig,pig,3,37
48,Robpig,pig,3,38
48,Robpig,pig,3,38
48,Robpig,pig,3,40
48,Robpig,pig,3,40
48,Robpig,pig,3,41
71,ProgDemo,Demo,2,1
71,ProgDemo,Demo,2,1
71,ProgDemo,Demo,2,2
71,ProgDemo,Demo,2,2
71,ProgDemo,Demo,2,3
71,ProgDemo,Demo,2,3
71,ProgDemo,Demo,2,4
71,ProgDemo,Demo,2,4
71,ProgDemo,Demo,2,5
71,ProgDemo,Demo,2,5
71,ProgDemo,Demo,2,6
71,ProgDemo,Demo,2,6
71,ProgDemo,Demo,2,7
71,ProgDemo,Demo,2,7
71,ProgDemo,Demo,2,8
71,ProgDemo,Demo,2,8
71,ProgDemo,Demo,2,9
71,ProgDemo,Demo,2,9
71,ProgDemo,Demo,2,10
71,ProgDemo,Demo,2,10
71,ProgDemo,Demo,2,11
71,ProgDemo,Demo,2,11
71,ProgDemo,Demo,2,12
71,ProgDemo,Demo,2,12
71,ProgDemo,Demo,2,13
71,ProgDemo,Demo,2,13
71,ProgDemo,Demo,2,14
71,ProgDemo,Demo,2,14
71,ProgDemo,Demo,2,15
71,ProgDemo,Demo,2,15
71,ProgDemo,Demo,2,16
71,ProgDemo,Demo,2,16
71,ProgDemo,Demo,2,17
71,ProgDemo,Demo,2,17
71,ProgDemo,Demo,2,18
71,ProgDemo,Demo,2,18
71,ProgDemo,Demo,2,19
71,ProgDemo,Demo,2,19
71,ProgDemo,Demo,2,20
71,ProgDemo,Demo,2,20
71,ProgDemo,Demo,2,21
71,ProgDemo,Demo,2,21
71,ProgDemo,Demo,2,22
71,ProgDemo,Demo,2,22
71,ProgDemo,Demo,2,23
71,ProgDemo,Demo,2,23
71,ProgDemo,Demo,2,24
71,ProgDemo,Demo,2,24
71,ProgDemo,Demo,2,25
71,ProgDemo,Demo,2,25
71,ProgDemo,Demo,2,26
71,ProgDemo,Demo,2,26
71,ProgDemo,Demo,2,27
71,ProgDemo,Demo,2,27
71,ProgDemo,Demo,2,28
71,ProgDemo,Demo,2,28
71,ProgDemo,Demo,2,29
71,ProgDemo,Demo,2,29
72,RobDemo,Demo,3,30
72,RobDemo,Demo,3,30
72,RobDemo,Demo,3,31
72,RobDemo,Demo,3,31
72,RobDemo,Demo,3,33
72,RobDemo,Demo,3,33
72,RobDemo,Demo,3,34
72,RobDemo,Demo,3,34
72,RobDemo,Demo,3,35
72,RobDemo,Demo,3,35
72,RobDemo,Demo,3,36
72,RobDemo,Demo,3,36
72,RobDemo,Demo,3,37
72,RobDemo,Demo,3,37
72,RobDemo,Demo,3,38
72,RobDemo,Demo,3,38
72,RobDemo,Demo,3,40
72,RobDemo,Demo,3,40
72,RobDemo,Demo,3,41
72,RobDemo,Demo,3,41
72,RobDemo,Demo,3,42
72,RobDemo,Demo,3,42
72,RobDemo,Demo,3,43
72,RobDemo,Demo,3,43
72,RobDemo,Demo,3,44
72,RobDemo,Demo,3,44
72,RobDemo,Demo,3,45
72,RobDemo,Demo,3,45
72,RobDemo,Demo,3,46
72,RobDemo,Demo,3,46
72,RobDemo,Demo,3,47
72,RobDemo,Demo,3,47
72,RobDemo,Demo,3,48
72,RobDemo,Demo,3,48
72,RobDemo,Demo,3,49
72,RobDemo,Demo,3,49
72,RobDemo,Demo,3,50
72,RobDemo,Demo,3,50
72,RobDemo,Demo,3,51
72,RobDemo,Demo,3,51
72,RobDemo,Demo,3,52
72,RobDemo,Demo,3,52
72,RobDemo,Demo,3,53
72,RobDemo,Demo,3,53
72,RobDemo,Demo,3,54
72,RobDemo,Demo,3,54
72,RobDemo,Demo,3,55
72,RobDemo,Demo,3,55
72,RobDemo,Demo,3,57
72,RobDemo,Demo,3,57
72,RobDemo,Demo,3,58
72,RobDemo,Demo,3,58
72,RobDemo,Demo,3,56
72,RobDemo,Demo,3,56
72,RobDemo,Demo,3,39
72,RobDemo,Demo,3,39
72,RobDemo,Demo,3,32
72,RobDemo,Demo,3,32
51,Progrkelly,rkelly,2,1
51,Progrkelly,rkelly,2,1
51,Progrkelly,rkelly,2,2
51,Progrkelly,rkelly,2,2
51,Progrkelly,rkelly,2,3
51,Progrkelly,rkelly,2,3
51,Progrkelly,rkelly,2,4
51,Progrkelly,rkelly,2,4
51,Progrkelly,rkelly,2,5
51,Progrkelly,rkelly,2,5
51,Progrkelly,rkelly,2,6
51,Progrkelly,rkelly,2,6
51,Progrkelly,rkelly,2,7
51,Progrkelly,rkelly,2,7
51,Progrkelly,rkelly,2,8
51,Progrkelly,rkelly,2,8
51,Progrkelly,rkelly,2,9
51,Progrkelly,rkelly,2,9
51,Progrkelly,rkelly,2,10
51,Progrkelly,rkelly,2,10
51,Progrkelly,rkelly,2,11
51,Progrkelly,rkelly,2,11
51,Progrkelly,rkelly,2,12
51,Progrkelly,rkelly,2,12
51,Progrkelly,rkelly,2,13
51,Progrkelly,rkelly,2,13
51,Progrkelly,rkelly,2,14
51,Progrkelly,rkelly,2,14
51,Progrkelly,rkelly,2,15
51,Progrkelly,rkelly,2,15
51,Progrkelly,rkelly,2,16
51,Progrkelly,rkelly,2,16
51,Progrkelly,rkelly,2,17
51,Progrkelly,rkelly,2,17
51,Progrkelly,rkelly,2,18
51,Progrkelly,rkelly,2,18
51,Progrkelly,rkelly,2,19
51,Progrkelly,rkelly,2,19
51,Progrkelly,rkelly,2,20
51,Progrkelly,rkelly,2,20
51,Progrkelly,rkelly,2,21
51,Progrkelly,rkelly,2,21
51,Progrkelly,rkelly,2,22
51,Progrkelly,rkelly,2,22
51,Progrkelly,rkelly,2,23
51,Progrkelly,rkelly,2,23
51,Progrkelly,rkelly,2,24
51,Progrkelly,rkelly,2,24
51,Progrkelly,rkelly,2,25
51,Progrkelly,rkelly,2,25
51,Progrkelly,rkelly,2,26
51,Progrkelly,rkelly,2,26
51,Progrkelly,rkelly,2,27
51,Progrkelly,rkelly,2,27
51,Progrkelly,rkelly,2,28
51,Progrkelly,rkelly,2,28
51,Progrkelly,rkelly,2,29
51,Progrkelly,rkelly,2,29
52,Robrkelly,rkelly,3,30
52,Robrkelly,rkelly,3,30
52,Robrkelly,rkelly,3,31
52,Robrkelly,rkelly,3,31
52,Robrkelly,rkelly,3,32
52,Robrkelly,rkelly,3,32
52,Robrkelly,rkelly,3,33
52,Robrkelly,rkelly,3,33
52,Robrkelly,rkelly,3,34
52,Robrkelly,rkelly,3,34
52,Robrkelly,rkelly,3,35
52,Robrkelly,rkelly,3,35
52,Robrkelly,rkelly,3,36
52,Robrkelly,rkelly,3,36
52,Robrkelly,rkelly,3,37
52,Robrkelly,rkelly,3,37
52,Robrkelly,rkelly,3,38
52,Robrkelly,rkelly,3,38
52,Robrkelly,rkelly,3,40
52,Robrkelly,rkelly,3,40
52,Robrkelly,rkelly,3,41
52,Robrkelly,rkelly,3,41
52,Robrkelly,rkelly,3,42
52,Robrkelly,rkelly,3,42
52,Robrkelly,rkelly,3,43
52,Robrkelly,rkelly,3,43
52,Robrkelly,rkelly,3,44
52,Robrkelly,rkelly,3,44
52,Robrkelly,rkelly,3,45
52,Robrkelly,rkelly,3,45
52,Robrkelly,rkelly,3,46
52,Robrkelly,rkelly,3,46
52,Robrkelly,rkelly,3,47
52,Robrkelly,rkelly,3,47
52,Robrkelly,rkelly,3,48
52,Robrkelly,rkelly,3,48
52,Robrkelly,rkelly,3,49
52,Robrkelly,rkelly,3,49
52,Robrkelly,rkelly,3,50
52,Robrkelly,rkelly,3,50
52,Robrkelly,rkelly,3,51
52,Robrkelly,rkelly,3,51
52,Robrkelly,rkelly,3,52
52,Robrkelly,rkelly,3,52
52,Robrkelly,rkelly,3,53
52,Robrkelly,rkelly,3,53
52,Robrkelly,rkelly,3,54
52,Robrkelly,rkelly,3,54
52,Robrkelly,rkelly,3,55
52,Robrkelly,rkelly,3,55
52,Robrkelly,rkelly,3,57
52,Robrkelly,rkelly,3,57
52,Robrkelly,rkelly,3,58
52,Robrkelly,rkelly,3,58
52,Robrkelly,rkelly,3,56
52,Robrkelly,rkelly,3,56
52,Robrkelly,rkelly,3,39
52,Robrkelly,rkelly,3,39
55,ProgZimin,Zimin,2,1
55,ProgZimin,Zimin,2,1
55,ProgZimin,Zimin,2,2
55,ProgZimin,Zimin,2,2
55,ProgZimin,Zimin,2,3
55,ProgZimin,Zimin,2,3
55,ProgZimin,Zimin,2,4
55,ProgZimin,Zimin,2,4
55,ProgZimin,Zimin,2,5
55,ProgZimin,Zimin,2,5
55,ProgZimin,Zimin,2,6
55,ProgZimin,Zimin,2,6
55,ProgZimin,Zimin,2,7
55,ProgZimin,Zimin,2,7
55,ProgZimin,Zimin,2,8
55,ProgZimin,Zimin,2,8
55,ProgZimin,Zimin,2,9
55,ProgZimin,Zimin,2,9
55,ProgZimin,Zimin,2,10
55,ProgZimin,Zimin,2,10
55,ProgZimin,Zimin,2,11
55,ProgZimin,Zimin,2,11
55,ProgZimin,Zimin,2,12
55,ProgZimin,Zimin,2,12
55,ProgZimin,Zimin,2,13
55,ProgZimin,Zimin,2,13
55,ProgZimin,Zimin,2,14
55,ProgZimin,Zimin,2,14
55,ProgZimin,Zimin,2,15
55,ProgZimin,Zimin,2,15
55,ProgZimin,Zimin,2,16
55,ProgZimin,Zimin,2,16
55,ProgZimin,Zimin,2,17
55,ProgZimin,Zimin,2,17
55,ProgZimin,Zimin,2,18
55,ProgZimin,Zimin,2,18
55,ProgZimin,Zimin,2,19
55,ProgZimin,Zimin,2,19
55,ProgZimin,Zimin,2,20
55,ProgZimin,Zimin,2,20
55,ProgZimin,Zimin,2,21
55,ProgZimin,Zimin,2,21
55,ProgZimin,Zimin,2,22
55,ProgZimin,Zimin,2,22
55,ProgZimin,Zimin,2,23
55,ProgZimin,Zimin,2,23
55,ProgZimin,Zimin,2,24
55,ProgZimin,Zimin,2,24
55,ProgZimin,Zimin,2,25
55,ProgZimin,Zimin,2,25
55,ProgZimin,Zimin,2,26
55,ProgZimin,Zimin,2,26
55,ProgZimin,Zimin,2,27
55,ProgZimin,Zimin,2,27
55,ProgZimin,Zimin,2,28
55,ProgZimin,Zimin,2,28
55,ProgZimin,Zimin,2,29
55,ProgZimin,Zimin,2,29
56,RobZimin,Zimin,3,30
56,RobZimin,Zimin,3,30
56,RobZimin,Zimin,3,31
56,RobZimin,Zimin,3,31
56,RobZimin,Zimin,3,32
56,RobZimin,Zimin,3,32
56,RobZimin,Zimin,3,33
56,RobZimin,Zimin,3,33
56,RobZimin,Zimin,3,34
56,RobZimin,Zimin,3,34
56,RobZimin,Zimin,3,35
56,RobZimin,Zimin,3,35
56,RobZimin,Zimin,3,36
56,RobZimin,Zimin,3,36
56,RobZimin,Zimin,3,37
56,RobZimin,Zimin,3,37
56,RobZimin,Zimin,3,38
56,RobZimin,Zimin,3,38
56,RobZimin,Zimin,3,40
56,RobZimin,Zimin,3,40
56,RobZimin,Zimin,3,41
56,RobZimin,Zimin,3,41
56,RobZimin,Zimin,3,42
56,RobZimin,Zimin,3,42
56,RobZimin,Zimin,3,43
56,RobZimin,Zimin,3,43
56,RobZimin,Zimin,3,44
56,RobZimin,Zimin,3,44
56,RobZimin,Zimin,3,45
56,RobZimin,Zimin,3,45
56,RobZimin,Zimin,3,46
56,RobZimin,Zimin,3,46
56,RobZimin,Zimin,3,47
56,RobZimin,Zimin,3,47
56,RobZimin,Zimin,3,48
56,RobZimin,Zimin,3,48
56,RobZimin,Zimin,3,49
56,RobZimin,Zimin,3,49
56,RobZimin,Zimin,3,50
56,RobZimin,Zimin,3,50
56,RobZimin,Zimin,3,51
56,RobZimin,Zimin,3,51
56,RobZimin,Zimin,3,52
56,RobZimin,Zimin,3,52
56,RobZimin,Zimin,3,53
56,RobZimin,Zimin,3,53
56,RobZimin,Zimin,3,54
56,RobZimin,Zimin,3,54
56,RobZimin,Zimin,3,55
56,RobZimin,Zimin,3,55
56,RobZimin,Zimin,3,57
56,RobZimin,Zimin,3,57
56,RobZimin,Zimin,3,58
56,RobZimin,Zimin,3,58
56,RobZimin,Zimin,3,56
56,RobZimin,Zimin,3,56
56,RobZimin,Zimin,3,39
56,RobZimin,Zimin,3,39
57,ProgCSFan,CSFan,2,1
57,ProgCSFan,CSFan,2,1
57,ProgCSFan,CSFan,2,2
57,ProgCSFan,CSFan,2,2
57,ProgCSFan,CSFan,2,3
57,ProgCSFan,CSFan,2,3
57,ProgCSFan,CSFan,2,4
57,ProgCSFan,CSFan,2,4
57,ProgCSFan,CSFan,2,5
57,ProgCSFan,CSFan,2,5
57,ProgCSFan,CSFan,2,6
57,ProgCSFan,CSFan,2,6
57,ProgCSFan,CSFan,2,7
57,ProgCSFan,CSFan,2,7
57,ProgCSFan,CSFan,2,8
57,ProgCSFan,CSFan,2,8
57,ProgCSFan,CSFan,2,9
57,ProgCSFan,CSFan,2,9
57,ProgCSFan,CSFan,2,10
57,ProgCSFan,CSFan,2,10
57,ProgCSFan,CSFan,2,11
57,ProgCSFan,CSFan,2,11
57,ProgCSFan,CSFan,2,12
57,ProgCSFan,CSFan,2,12
57,ProgCSFan,CSFan,2,13
57,ProgCSFan,CSFan,2,13
57,ProgCSFan,CSFan,2,14
57,ProgCSFan,CSFan,2,14
57,ProgCSFan,CSFan,2,15
57,ProgCSFan,CSFan,2,15
57,ProgCSFan,CSFan,2,16
57,ProgCSFan,CSFan,2,16
57,ProgCSFan,CSFan,2,17
57,ProgCSFan,CSFan,2,17
57,ProgCSFan,CSFan,2,18
57,ProgCSFan,CSFan,2,18
57,ProgCSFan,CSFan,2,19
57,ProgCSFan,CSFan,2,19
57,ProgCSFan,CSFan,2,20
57,ProgCSFan,CSFan,2,20
57,ProgCSFan,CSFan,2,21
57,ProgCSFan,CSFan,2,21
57,ProgCSFan,CSFan,2,22
57,ProgCSFan,CSFan,2,22
57,ProgCSFan,CSFan,2,23
57,ProgCSFan,CSFan,2,23
57,ProgCSFan,CSFan,2,24
57,ProgCSFan,CSFan,2,24
57,ProgCSFan,CSFan,2,25
57,ProgCSFan,CSFan,2,25
57,ProgCSFan,CSFan,2,26
57,ProgCSFan,CSFan,2,26
57,ProgCSFan,CSFan,2,27
57,ProgCSFan,CSFan,2,27
57,ProgCSFan,CSFan,2,28
57,ProgCSFan,CSFan,2,28
57,ProgCSFan,CSFan,2,29
57,ProgCSFan,CSFan,2,29
58,RobCSFan,CSFan,3,30
58,RobCSFan,CSFan,3,30
58,RobCSFan,CSFan,3,31
58,RobCSFan,CSFan,3,31
58,RobCSFan,CSFan,3,32
58,RobCSFan,CSFan,3,32
58,RobCSFan,CSFan,3,33
58,RobCSFan,CSFan,3,33
58,RobCSFan,CSFan,3,34
58,RobCSFan,CSFan,3,34
58,RobCSFan,CSFan,3,35
58,RobCSFan,CSFan,3,35
58,RobCSFan,CSFan,3,36
58,RobCSFan,CSFan,3,36
58,RobCSFan,CSFan,3,37
58,RobCSFan,CSFan,3,37
58,RobCSFan,CSFan,3,38
58,RobCSFan,CSFan,3,38
58,RobCSFan,CSFan,3,40
58,RobCSFan,CSFan,3,40
58,RobCSFan,CSFan,3,41
58,RobCSFan,CSFan,3,41
58,RobCSFan,CSFan,3,42
58,RobCSFan,CSFan,3,42
58,RobCSFan,CSFan,3,43
58,RobCSFan,CSFan,3,43
58,RobCSFan,CSFan,3,44
58,RobCSFan,CSFan,3,44
58,RobCSFan,CSFan,3,45
58,RobCSFan,CSFan,3,45
58,RobCSFan,CSFan,3,46
58,RobCSFan,CSFan,3,46
58,RobCSFan,CSFan,3,47
58,RobCSFan,CSFan,3,47
58,RobCSFan,CSFan,3,48
58,RobCSFan,CSFan,3,48
58,RobCSFan,CSFan,3,49
58,RobCSFan,CSFan,3,49
58,RobCSFan,CSFan,3,50
58,RobCSFan,CSFan,3,50
58,RobCSFan,CSFan,3,51
58,RobCSFan,CSFan,3,51
58,RobCSFan,CSFan,3,52
58,RobCSFan,CSFan,3,52
58,RobCSFan,CSFan,3,53
58,RobCSFan,CSFan,3,53
58,RobCSFan,CSFan,3,54
58,RobCSFan,CSFan,3,54
58,RobCSFan,CSFan,3,55
58,RobCSFan,CSFan,3,55
58,RobCSFan,CSFan,3,57
58,RobCSFan,CSFan,3,57
58,RobCSFan,CSFan,3,58
58,RobCSFan,CSFan,3,58
58,RobCSFan,CSFan,3,56
58,RobCSFan,CSFan,3,56
58,RobCSFan,CSFan,3,39
58,RobCSFan,CSFan,3,39
59,ProgPlayer10,Player10,2,1
59,ProgPlayer10,Player10,2,1
59,ProgPlayer10,Player10,2,2
59,ProgPlayer10,Player10,2,2
59,ProgPlayer10,Player10,2,3
59,ProgPlayer10,Player10,2,3
59,ProgPlayer10,Player10,2,4
59,ProgPlayer10,Player10,2,4
59,ProgPlayer10,Player10,2,5
59,ProgPlayer10,Player10,2,5
59,ProgPlayer10,Player10,2,6
59,ProgPlayer10,Player10,2,6
59,ProgPlayer10,Player10,2,7
59,ProgPlayer10,Player10,2,7
59,ProgPlayer10,Player10,2,8
59,ProgPlayer10,Player10,2,8
59,ProgPlayer10,Player10,2,9
59,ProgPlayer10,Player10,2,9
59,ProgPlayer10,Player10,2,10
59,ProgPlayer10,Player10,2,10
59,ProgPlayer10,Player10,2,11
59,ProgPlayer10,Player10,2,11
59,ProgPlayer10,Player10,2,12
59,ProgPlayer10,Player10,2,12
59,ProgPlayer10,Player10,2,13
59,ProgPlayer10,Player10,2,13
59,ProgPlayer10,Player10,2,14
59,ProgPlayer10,Player10,2,14
59,ProgPlayer10,Player10,2,15
59,ProgPlayer10,Player10,2,15
59,ProgPlayer10,Player10,2,16
59,ProgPlayer10,Player10,2,16
59,ProgPlayer10,Player10,2,17
59,ProgPlayer10,Player10,2,17
59,ProgPlayer10,Player10,2,18
59,ProgPlayer10,Player10,2,18
59,ProgPlayer10,Player10,2,19
59,ProgPlayer10,Player10,2,19
59,ProgPlayer10,Player10,2,20
59,ProgPlayer10,Player10,2,20
59,ProgPlayer10,Player10,2,21
59,ProgPlayer10,Player10,2,21
59,ProgPlayer10,Player10,2,22
59,ProgPlayer10,Player10,2,22
59,ProgPlayer10,Player10,2,23
59,ProgPlayer10,Player10,2,23
59,ProgPlayer10,Player10,2,24
59,ProgPlayer10,Player10,2,24
59,ProgPlayer10,Player10,2,25
59,ProgPlayer10,Player10,2,25
59,ProgPlayer10,Player10,2,26
59,ProgPlayer10,Player10,2,26
59,ProgPlayer10,Player10,2,27
59,ProgPlayer10,Player10,2,27
59,ProgPlayer10,Player10,2,28
59,ProgPlayer10,Player10,2,28
59,ProgPlayer10,Player10,2,29
59,ProgPlayer10,Player10,2,29
60,RobPlayer10,Player10,3,30
60,RobPlayer10,Player10,3,30
60,RobPlayer10,Player10,3,31
60,RobPlayer10,Player10,3,31
60,RobPlayer10,Player10,3,32
60,RobPlayer10,Player10,3,32
60,RobPlayer10,Player10,3,33
60,RobPlayer10,Player10,3,33
60,RobPlayer10,Player10,3,34
60,RobPlayer10,Player10,3,34
60,RobPlayer10,Player10,3,35
60,RobPlayer10,Player10,3,35
60,RobPlayer10,Player10,3,36
60,RobPlayer10,Player10,3,36
60,RobPlayer10,Player10,3,37
60,RobPlayer10,Player10,3,37
60,RobPlayer10,Player10,3,38
60,RobPlayer10,Player10,3,38
60,RobPlayer10,Player10,3,40
60,RobPlayer10,Player10,3,40
60,RobPlayer10,Player10,3,41
60,RobPlayer10,Player10,3,41
60,RobPlayer10,Player10,3,42
60,RobPlayer10,Player10,3,42
60,RobPlayer10,Player10,3,43
60,RobPlayer10,Player10,3,43
60,RobPlayer10,Player10,3,44
60,RobPlayer10,Player10,3,44
60,RobPlayer10,Player10,3,45
60,RobPlayer10,Player10,3,45
60,RobPlayer10,Player10,3,46
60,RobPlayer10,Player10,3,46
60,RobPlayer10,Player10,3,47
60,RobPlayer10,Player10,3,47
60,RobPlayer10,Player10,3,48
60,RobPlayer10,Player10,3,48
60,RobPlayer10,Player10,3,49
60,RobPlayer10,Player10,3,49
60,RobPlayer10,Player10,3,50
60,RobPlayer10,Player10,3,50
60,RobPlayer10,Player10,3,51
60,RobPlayer10,Player10,3,51
60,RobPlayer10,Player10,3,52
60,RobPlayer10,Player10,3,52
60,RobPlayer10,Player10,3,53
60,RobPlayer10,Player10,3,53
60,RobPlayer10,Player10,3,54
60,RobPlayer10,Player10,3,54
60,RobPlayer10,Player10,3,55
60,RobPlayer10,Player10,3,55
60,RobPlayer10,Player10,3,57
60,RobPlayer10,Player10,3,57
60,RobPlayer10,Player10,3,58
60,RobPlayer10,Player10,3,58
60,RobPlayer10,Player10,3,56
60,RobPlayer10,Player10,3,56
60,RobPlayer10,Player10,3,39
60,RobPlayer10,Player10,3,39
